<?xml version="1.0" encoding="UTF-8"?>
<rss version="2.0" xmlns:atom="http://www.w3.org/2005/Atom">
  <channel>
    <title>Patrick J. Nilan</title>
    <description>Aspiring Sci-Fi Author</description>
    <link>http://patricknilanauthor.duckdns.org/</link>
    <atom:link href="http://patricknilanauthor.duckdns.org/feed.xml" rel="self" type="application/rss+xml"/>
    <pubDate>Sat, 12 Oct 2024 11:26:51 +0100</pubDate>
    <lastBuildDate>Sat, 12 Oct 2024 11:26:51 +0100</lastBuildDate>
    <generator>Jekyll v4.3.4</generator>
    
      <item>
        <title>Future Writing Contest</title>
        <description>&lt;p&gt;I absolutely love writing contests. Whether I’m entering one, hosting, or judging for someone else, there’s something about the competition that excites me.&lt;/p&gt;

&lt;p&gt;Having my own site is the perfect opportunity to host more contests, and I plan to take full advantage of that. My first writing contest on this site will be when I reach 100K followers on Instagram—a great way to thank my supporters and celebrate what @memesforwriters is all about.&lt;/p&gt;

&lt;p&gt;The themes of future contests will usually align with the projects I’m working on at the time. While sci-fi is my favorite genre, I won’t limit submissions to it. One of the best parts of hosting writing contests is exploring genres and themes outside my comfort zone.&lt;/p&gt;

&lt;p&gt;When judging, I will always treat each entry fairly. The only thing that matters is the quality of the writing on the page, just as I hope my entries are judged when I participate in contests.&lt;/p&gt;

&lt;p&gt;If you’re interested in teaming up to run a contest, feel free to reach out. I typically collaborate with larger creators to reach a bigger audience, but I’m open to working with anyone interested in judging or suggesting themes.&lt;/p&gt;
</description>
        <pubDate>Thu, 10 Oct 2024 00:00:00 +0100</pubDate>
        <link>http://patricknilanauthor.duckdns.org/contest/2024/10/10/writing-contests.html</link>
        <guid isPermaLink="true">http://patricknilanauthor.duckdns.org/contest/2024/10/10/writing-contests.html</guid>
        
        <category>contest</category>
        
        <category>writing</category>
        
        
        <category>contest</category>
        
      </item>
    
      <item>
        <title>I Don&apos;t Know What I&apos;m Doing...</title>
        <description>&lt;p&gt;I don’t know what the fuck I’m doing… That is a thought that relates to many aspects of my life right now. Even writing this blog post I find myself thinking about how I have no clue how to write a quality blog post. At this moment I am actually writing this post rather than finishing up the setup for this very site because… well because when it comes to building a website from scratch using Jekyll and hosting it on a Raspberry Pi 4 I don’t know what the fuck I’m doing.&lt;/p&gt;

&lt;p&gt;Is it a bad idea to use the F word three times on the first page of your author site? Probably… Perhaps it ruins your SEO or your credibility with your audience. To be honest, I wouldn’t know because… well, I think you get the point by now.&lt;/p&gt;

&lt;p&gt;As a kid I liked to think I knew everything there was to know, and if there was something I didn’t know it would only be a matter of time before I learned it. Writing this at age 23 I realize that could not be further from the truth. I’d like to think I know more than the average person, but I’m pretty sure we all think that. By that logic some of us have to be wrong, not that there’s necessarily anything wrong with that.&lt;/p&gt;

&lt;p&gt;These days there seems to be an increasing pressure not to be wrong and not to make mistakes. I can’t tell you how many times I looked up an answer in school, not because I was lazy, but because I was not sure of my answer and I didn’t want to get it wrong. In school when you get a question wrong, when you make a mistake, you lose points. You get punished!&lt;/p&gt;

&lt;p&gt;In hindsight perhaps that punishment wasn’t really that big of a deal, but back in high school and college, the difference between an A- and a C+ seemed like the end of the world. In my head that A- would earn me a well-paying job and that C+ would earn me a life on the streets.&lt;/p&gt;

&lt;p&gt;Well, I graduated with that A- GPA and I still don’t know what the fuck I’m doing. It’s been more than 4 months since I graduated and I’ve only landed one interview (I was dismissed after taking an hour-long test because I did not have the knowledge they were looking for). I do not blame the company (although I will say they could have been nice about it). The truth is after four years of studying computer engineering and a year of studying for my MBA I feel like I don’t know anything. The more I seem to learn about any topic from writing a Sci-Fi book to computer engineering (which I majored in) the more I realize just how much more there is that I don’t know.&lt;/p&gt;

&lt;p&gt;That can be scary. To my younger self, there was nothing more terrifying than the unknown. That idea that I knew everything acted like a safe space within my mind. It’s similar to advice like “write what you know” or “stick to your strengths.” There’s less risk of making mistakes when you do things you’re comfortable with. The thing is mistakes aren’t necessarily the awful thing they are made out to be.&lt;/p&gt;

&lt;p&gt;As a writer, I can honestly say I don’t think I’ve learned a ton about writing a story from reading from the greats and studying literature. I’ve learned the majority of what I know about writing, and I’ll be the first to admit it’s not a lot, from creating abominable works of fan fiction and brutal rough drafts of my overly ambitious projects that I still hardly know how to start.&lt;/p&gt;

&lt;p&gt;Specifically, I feel I’ve learned the most from projects where I stepped directly into the unknown. Earlier in my writing career, I would put some of my more ambitious book ideas on hold because I had no fucking clue how to write them. For a new writer, stories involving time loops, digital realities, and vast galactic empires can feel daunting, so I tried to start by writing simpler, safer stories instead. The idea was to write a story that I knew I could write to make myself comfortable. Writing these simpler stories I’ve found being comfortable is the enemy of creativity.&lt;/p&gt;

&lt;p&gt;Writing my debut novel has as a result been anything but a comfortable experience. My plans for my debut novel are ambitious. At points attempting to write “Operation Ark”(title in progress), I’ve found myself taking a step back and acknowledging I have no clue how to write this damn book. There are far easier debut novels to write than a series of interconnected short stories about humans attempting to survive a nuclear apocalypse on space stations that are secretly genetic testing facilities. This project may end up being a complete colossal disaster, but I’m willing to take that risk. In the best-case scenario, I create something my audience loves and can act as if I knew exactly what I was doing all along. If it flops then hopefully I’ll learn something from the experience so I have a bit better of an idea of what I’m doing for my second novel. The only time mistakes are costly as a creator is when they cause you to give up.&lt;/p&gt;

&lt;p&gt;This website is not the first author site I’ve attempted to create. While my first site was anything but an attempt at playing things safe the blog posts I created were. They were bland, well-polished, and EXTREMELY FUCKING BORING. I focused so hard on making them read professionally that they no longer had my voice.&lt;/p&gt;

&lt;p&gt;As you can see with this blog I am going a bit of a different route. Finishing up writing this blog post I wonder if I may have pushed it too far. The F word kind of loses its effect after the first five or so times you spam it on the page. The idea of putting this internet makes me a bit nervous. While it’s not the end of the world if people don’t like this style I’m definitely taking a chance posting this. That’s a good thing.&lt;/p&gt;

&lt;p&gt;To create anything worth creating you need to take chances. How many best-selling books or games do you think were created by people playing them safely? As I like to think, when you write something to please everyone you end up pleasing nobody.&lt;/p&gt;

&lt;p&gt;So yeah, I don’t know what the fuck I’m doing, but I’d like to think that means I’m doing something right!&lt;/p&gt;
</description>
        <pubDate>Thu, 10 Oct 2024 00:00:00 +0100</pubDate>
        <link>http://patricknilanauthor.duckdns.org/blog/2024/10/10/my-first-blog-post.html</link>
        <guid isPermaLink="true">http://patricknilanauthor.duckdns.org/blog/2024/10/10/my-first-blog-post.html</guid>
        
        <category>introduction</category>
        
        <category>personal</category>
        
        
        <category>blog</category>
        
      </item>
    
      <item>
        <title>Forever Sorry</title>
        <description>&lt;p&gt;&lt;strong&gt;Author:&lt;/strong&gt; Patrick Nilan&lt;/p&gt;

&lt;p&gt;&lt;strong&gt;Word Count:&lt;/strong&gt; 100&lt;/p&gt;

&lt;hr /&gt;

&lt;h2 id=&quot;forever-sorry&quot;&gt;Forever Sorry&lt;/h2&gt;

&lt;p&gt;With a gasp, I awake. I am paralyzed with fear, but I can not recall why. No thoughts exist within my mind.&lt;/p&gt;

&lt;p&gt;Eventually, I sit up as the hairs on my arm settle. The room is familiar, but something is off. The exit is missing.&lt;/p&gt;

&lt;p&gt;Then Angela’s scream pierces my eardrums. Her decaying corpse lunges out from the closet as it always does.&lt;/p&gt;

&lt;p&gt;In the moment before she claws into my flesh and I lie bleeding out I remember. Angela’s murder. My sentence. The machine. How many times have I died for my crime?&lt;/p&gt;

&lt;p&gt;With a gasp, I awake.&lt;/p&gt;
</description>
        <pubDate>Thu, 10 Oct 2024 00:00:00 +0100</pubDate>
        <link>http://patricknilanauthor.duckdns.org/short-story/horror/2024/10/10/forever-sorry.html</link>
        <guid isPermaLink="true">http://patricknilanauthor.duckdns.org/short-story/horror/2024/10/10/forever-sorry.html</guid>
        
        <category>contest</category>
        
        <category>writing</category>
        
        
        <category>short-story</category>
        
        <category>Horror</category>
        
      </item>
    
      <item>
        <title>Creating This Very Website</title>
        <description>&lt;p&gt;When I first came up with the idea to build this site, I thought it would take about 15 hours and be a nice, easy project for my resume. Well, that’s not exactly how things went…&lt;/p&gt;

&lt;p&gt;Even though hosting an author site on a Raspberry Pi 4 can seem intimidating, as a computer engineering graduate, the concept didn’t faze me. The hardware setup went smoothly except for the fan that came with the kit, which didn’t work (don’t even get me started). As I entered the bash commands to download Jekyll, I started to feel like the project was too simple, and I wondered if it was even worth putting on my resume.&lt;/p&gt;

&lt;p&gt;That feeling didn’t last long. A day into it, after downloading the Jekyll template, I figured the rest would be plug-and-play. Wrong!&lt;/p&gt;

&lt;p&gt;When you hear “template,” you expect it to make life easier. Considering the struggle I went through with the simplest template I could find, I can’t imagine how hard it would’ve been without one. What I thought would be a “simple” 15-hour project quickly became the only thing I thought about for an entire week. I started obsessing over every little detail, like playing with fonts and text sizes in the CSS file, and wasted hours trying to perfect the smallest of details. More often than not, when I tried to make changes, I’d accidentally completely break the site or at the very least make it much worse. At one point, I changed the main menu, only to make the mobile version look like absolute crap. Six hours of work just to end up restoring the default files.&lt;/p&gt;

&lt;p&gt;After spending so much time spinning my wheels, I remembered something from my business courses: focus on creating a minimum viable product (MVP). I narrowed my priorities to displaying posts (blog ,stories, contests, projects), linking to my social media pages, collecting emails for my newsletter, and having a clean menu so the user can access all the features.&lt;/p&gt;

&lt;p&gt;Even that MVP was a lot harder than I expected it would be. A task as simple as displaying an image on my About page became a headache when I didn’t realize that underscores are a special character in Jekyll, and I had named my images folder “_images.” In hindsight I probably should have read the README…&lt;/p&gt;

&lt;p&gt;Learning to display posts in different orders was a real challenge. While not essential to the MVP the idea was that while it was ideal for the blog to be organized by date it made sense to organize the project posts based on how serious I am about them. I would not want a post on Operation Ark to be buried by yet another one of my strange side quests…&lt;/p&gt;

&lt;p&gt;I thought I was done at one point and was ready to celebrate, only to find six extra dividers in my main menu with no categories between them. Even with tutorials and ChatGPT, fixing that error was brutal. Just explaining the issue to the AI took some skill on my behalf.
Once I had the MVP working, I decided to add a feature on my own without help: a popup menu for story genres. It took forever, and I nearly gave up multiple times, but I eventually got it working, and I was proud of myself when I did.&lt;/p&gt;

&lt;p&gt;This site is far from perfect, and as I grow as an author, I expect it to grow with me. As I become more familiar with HTML, CSS, and web development, I’m sure each version of this site will be better than the last. I can not wait for the day where I add a new section for Books on the menu once Operation Ark is finally published!&lt;/p&gt;

&lt;p&gt;So, was this project worth the $100 or so I’m saving by not using WordPress? Monetarily, absolutely not. I’m lucky I didn’t blow those savings by punching my monitor at points working on this.
Still, if I had to choose again, I’d take on the experience of building my own site. I learned a ton about web development, Raspberry Pi 4 hardware, HTML, CSS, markdown, Jekyll, and nginx. Most importantly, every time I glance at the Raspberry Pi 4 sitting behind my monitors, I’m filled with a sense of accomplishment.&lt;/p&gt;

&lt;p&gt;I built this—just like I build the worlds my stories explore.&lt;/p&gt;
</description>
        <pubDate>Thu, 10 Oct 2024 00:00:00 +0100</pubDate>
        <link>http://patricknilanauthor.duckdns.org/project/2024/10/10/creating-this-site.html</link>
        <guid isPermaLink="true">http://patricknilanauthor.duckdns.org/project/2024/10/10/creating-this-site.html</guid>
        
        <category>development</category>
        
        <category>programming</category>
        
        
        <category>project</category>
        
      </item>
    
  </channel>
</rss>
